Rank,Player (Bye),POS,AVG
1,Jahmyr Gibbs   DET (6),RB,1.5
2,Bijan Robinson   ATL (11),RB,2.6
3,Ja'Marr Chase   CIN (6),WR,5.4
4,Puka Nacua   LAR (11),WR,6.0
5,Jaxon Smith-Njigba   SEA (11),WR,6.1
6,Jonathan Taylor   IND (13),RB,6.9
7,Christian McCaffrey   SF (8),RB,7.8
8,Amon-Ra St. Brown   DET (6),WR,8.7
9,CeeDee Lamb   DAL (14),WR,11.2
10,James Cook III   BUF (7),RB,11.4
11,Kenneth Walker III   KC (5),RB,14.0
12,Justin Jefferson   MIN (6),WR,15.6
13,Derrick Henry   BAL (13),RB,15.6
14,Josh Allen   BUF (7),QB,17.4
15,Chase Brown   CIN (6),RB,19.6
16,Saquon Barkley   PHI (10),RB,21.0
17,Ashton Jeanty   LV (13),RB,21.3
18,Drake London   ATL (11),WR,22.1
19,Brock Bowers   LV (13),TE,22.3
20,Nico Collins   HOU (8),WR,23.8
21,Trey McBride   ARI (14),TE,25.2
22,Omarion Hampton   LAC (7),RB,25.7
23,Chris Olave   NO (8),WR,26.5
24,George Pickens   DAL (14),WR,28.8
25,Kyren Williams   LAR (11),RB,30.4
26,De'Von Achane   MIA (6),RB,30.6
27,Javonte Williams   DAL (14),RB,31.9
28,Jeremiyah Love   ARI (14),RB,33.0
29,Zay Flowers   BAL (13),WR,35.4
30,Lamar Jackson   BAL (13),QB,35.7
31,Malik Nabers   NYG (8),WR,37.0
32,A.J. Brown   NE (11),WR,37.1
33,DeVonta Smith   PHI (10),WR,41.2
34,Rashee Rice   KC (5),WR,41.6
35,Garrett Wilson   NYJ (13),WR,41.7
36,Tetairoa McMillan   CAR (5),WR,42.2
37,Breece Hall   NYJ (13),RB,43.3
38,Tee Higgins   CIN (6),WR,46.2
39,Colston Loveland   CHI (10),TE,49.7
40,Cam Skattebo   NYG (8),RB,51.3
41,Tyler Warren   IND (13),TE,51.8
42,Davante Adams   LAR (11),WR,52.0
43,D'Andre Swift   CHI (10),RB,53.1
44,Joe Burrow   CIN (6),QB,53.4
45,Emeka Egbuka   TB (10),WR,56.4
46,Quinshon Judkins   CLE (11),RB,57.2
47,Bucky Irving   TB (10),RB,57.9
48,Travis Etienne Jr.   NO (8),RB,58.0
49,Jaylen Waddle   DEN (10),WR,58.4
50,Drake Maye   NE (11),QB,60.3
51,Ladd McConkey   LAC (7),WR,61.7
52,Jayden Daniels   WAS (7),QB,63.1
53,Jalen Hurts   PHI (10),QB,65.6
54,George Kittle   SF (8),TE,66.4
55,Bhayshul Tuten   JAC (7),RB,67.9
56,DJ Moore   BUF (7),WR,71.1
57,Sam LaPorta   DET (6),TE,71.3
58,David Montgomery   HOU (8),RB,71.4
59,Christian Watson   GB (11),WR,72.7
60,Terry McLaurin   WAS (7),WR,74.6
61,Dak Prescott   DAL (14),QB,76.4
62,Brock Purdy   SF (8),QB,77.0
63,Jameson Williams   DET (6),WR,77.2
64,Harold Fannin Jr.   CLE (11),TE,78.0
65,Luther Burden III   CHI (10),WR,78.1
66,Parker Washington   JAC (7),WR,78.7
67,Brandon Aubrey   DAL (14),K,83.0
68,Rome Odunze   CHI (10),WR,83.1
69,Mike Evans   SF (8),WR,83.8
70,Jaylen Warren   PIT (9),RB,84.0
71,Chuba Hubbard   CAR (5),RB,85.6
72,Tucker Kraft   GB (11),TE,86.5
73,Kyle Pitts Sr.   ATL (11),TE,88.3
74,Jadarian Price   SEA (11),RB,88.8
75,TreVeyon Henderson   NE (11),RB,89.0
76,Patrick Mahomes II   KC (5),QB,89.4
77,Trevor Lawrence   JAC (7),QB,90.2
78,Caleb Williams   CHI (10),QB,90.8
79,Travis Kelce   KC (5),TE,92.0
80,Rhamondre Stevenson   NE (11),RB,92.3
81,Carnell Tate   TEN (9),WR,93.2
82,DK Metcalf   PIT (9),WR,94.4
83,Houston Texans   HOU (8),DST,94.8
84,Seattle Seahawks   SEA (11),DST,96.2
85,Justin Herbert   LAC (7),QB,98.1
86,Marvin Harrison Jr.   ARI (14),WR,98.7
87,Michael Wilson   ARI (14),WR,99.2
88,Tony Pollard   TEN (9),RB,100.7
89,Los Angeles Rams   LAR (11),DST,102.1
90,Denver Broncos   DEN (10),DST,107.5
91,Jaxson Dart   NYG (8),QB,108.0
92,Matthew Stafford   LAR (11),QB,108.3
93,MarShawn Lloyd   GB (11),RB,110.8
94,Dalton Kincaid   BUF (7),TE,111.3
95,Rico Dowdle   PIT (9),RB,111.4
96,Isaiah Likely   NYG (8),TE,111.5
97,Brian Thomas Jr.   JAC (7),WR,111.7
98,Jonathon Brooks   CAR (5),RB,112.2
99,Stefon Diggs   WAS (7),WR,113.2
100,Courtland Sutton   DEN (10),WR,115.0
101,J.K. Dobbins   DEN (10),RB,115.0
102,Bo Nix   DEN (10),QB,115.5
103,Bryce Young   CAR (5),QB,115.9
104,Aaron Jones Sr.   MIN (6),RB,116.4
105,Matthew Golden   GB (11),WR,116.5
106,Jared Goff   DET (6),QB,116.8
107,Chris Godwin Jr.   TB (10),WR,118.1
108,Alec Pierce   IND (13),WR,118.4
109,Tyler Shough   NO (8),QB,118.8
110,Josh Downs   IND (13),WR,118.8
111,Dallas Goedert   PHI (10),TE,119.4
112,Kyle Monangai   CHI (10),RB,119.9
113,Michael Pittman Jr.   PIT (9),WR,121.6
114,Cameron Dicker   LAC (7),K,122.1
115,Jason Myers   SEA (11),K,122.2
116,Blake Corum   LAR (11),RB,122.7
117,Deebo Samuel Sr.   SF (8),WR,123.1
118,RJ Harvey   DEN (10),RB,124.1
119,Minnesota Vikings   MIN (6),DST,124.2
120,Josh Jacobs   GB (11),RB,124.8
121,Kenny Gainwell   TB (10),RB,124.9
122,Juwan Johnson   NO (8),TE,125.0
123,Jordan Addison   MIN (6),WR,125.4
124,Mark Andrews   BAL (13),TE,126.2
125,Jacory Croskey-Merritt   WAS (7),RB,126.8
126,Jalen Coker   CAR (5),WR,127.4
127,Jake Ferguson   DAL (14),TE,128.5
128,Pittsburgh Steelers   PIT (9),DST,128.9
129,Quentin Johnston   LAC (7),WR,129.5
130,Wan'Dale Robinson   TEN (9),WR,129.6
131,Ka'imi Fairbairn   HOU (8),K,130.6
132,Cam Little   JAC (7),K,131.0
133,Denzel Boston   CLE (11),WR,131.4
134,Jakobi Meyers   JAC (7),WR,131.9
135,Kyler Murray   MIN (6),QB,133.0
136,Rachaad White   WAS (7),RB,134.6
137,Xavier Worthy   KC (5),WR,134.7
138,Jayden Reed   GB (11),WR,135.3
139,Brian Robinson Jr.   ATL (11),RB,136.3
140,Makai Lemon   PHI (10),WR,136.5
141,Khalil Shakir   BUF (7),WR,136.6
142,Jordan Mason   MIN (6),RB,136.9
143,Philadelphia Eagles   PHI (10),DST,137.2
144,Harrison Mevis   LAR (11),K,138.0
145,Baltimore Ravens   BAL (13),DST,138.1
146,Harrison Butker   KC (5),K,138.9
147,Spencer Shrader   IND (13),K,139.3
148,Travis Hunter   JAC (7),WR,139.6
149,Jordan Love   GB (11),QB,139.8
150,KC Concepcion Jr.   CLE (11),WR,139.9
151,Sam Darnold   SEA (11),QB,140.0
152,Alvin Kamara   NO (8),RB,140.2
153,T.J. Hockenson   MIN (6),TE,140.4
154,Romeo Doubs   NE (11),WR,140.6
155,Aaron Rodgers   PIT (9),QB,140.7
156,San Francisco 49ers   SF (8),DST,140.8
157,Will Reichard   MIN (6),K,141.3
158,Kansas City Chiefs   KC (5),DST,142.2
159,Devaughn Vele   NO (8),WR,142.2
160,Dontayvion Wicks   PHI (10),WR,142.4
161,Cooper Kupp   SEA (11),WR,142.9
162,C.J. Stroud   HOU (8),QB,142.9
163,Braelon Allen   NYJ (13),RB,143.4
164,New England Patriots   NE (11),DST,143.6
165,Cleveland Browns   CLE (11),DST,143.7
166,Jacksonville Jaguars   JAC (7),DST,144.0
167,Darren Waller   CAR (5),TE,144.5
168,Chicago Bears   CHI (10),DST,144.7
169,Cincinnati Bengals   CIN (6),DST,145.1
170,Dalton Schultz   HOU (8),TE,145.2
171,Hunter Henry   NE (11),TE,145.3
172,Kenyon Sadiq   NYJ (13),TE,145.3
173,Cam Ward   TEN (9),QB,145.3
174,Ray Davis   BUF (7),RB,145.5
175,Pat Freiermuth   PIT (9),TE,145.6
176,Isaac TeSlaa   DET (6),WR,145.8
177,Woody Marks   HOU (8),RB,145.8
178,AJ Barner   SEA (11),TE,145.9
179,Baker Mayfield   TB (10),QB,146.0
180,Mike Washington Jr.   LV (13),RB,146.3
181,David Njoku   LAC (7),TE,146.3
182,Keenan Allen   IND (13),WR,146.7
183,Emmett Johnson   KC (5),RB,146.7
184,Malik Willis   MIA (6),QB,146.7
185,New York Giants   NYG (8),DST,146.8
186,Buffalo Bills   BUF (7),DST,146.8
187,Adonai Mitchell   NYJ (13),WR,146.9
188,Tyler Loop   BAL (13),K,146.9
189,Rashid Shaheed   SEA (11),WR,146.9
190,Eddy Pineiro   SF (8),K,147.0
191,Tre Tucker   LV (13),WR,147.0
192,Jake Elliott   PHI (10),K,147.1
193,Terrance Ferguson   LAR (11),TE,147.1
194,Daniel Jones   IND (13),QB,147.2
195,Nick Folk   ATL (11),K,147.3
196,Tyjae Spears   TEN (9),RB,147.4
197,Brenton Strange   JAC (7),TE,147.5
198,Ja'Kobi Lane   BAL (13),WR,147.7
199,Jake Bates   DET (6),K,147.8
200,Kayshon Boutte   HOU (8),WR,147.9
201,Kaelon Black   SF (8),RB,147.9
202,Chig Okonkwo   WAS (7),TE,148.1
203,Tyler Allgeier   ARI (14),RB,148.2
204,Jonah Coleman   DEN (10),RB,148.3
205,Jalen Nailor   LV (13),WR,148.3
206,Tank Bigsby   PHI (10),RB,148.5
207,Oronde Gadsden II   LAC (7),TE,148.5
208,Chris Boswell   PIT (9),K,148.6
209,Evan McPherson   CIN (6),K,148.8
210,Detroit Lions   DET (6),DST,149.1
211,Tyler Bass   BUF (7),K,149.2
212,Chris Rodriguez Jr.   JAC (7),RB,149.4
213,Trey Smack   GB (11),K,149.6
214,Keaton Mitchell   LAC (7),RB,149.7
215,Ollie Gordon II   MIA (6),RB,150.0
216,Greg Dulcich   MIA (6),TE,150.1
217,Dallas Cowboys   DAL (14),DST,151.4
218,Chase McLaughlin   TB (10),K,151.5
219,Green Bay Packers   GB (11),DST,151.5
220,Wil Lutz   DEN (10),K,152.7
221,Zach Charbonnet   SEA (11),RB,153.4
222,Los Angeles Chargers   LAC (7),DST,153.6
223,Cairo Santos   CHI (10),K,155.1
224,Andy Borregales   NE (11),K,155.4
225,De'Zhaun Stribling   SF (8),WR,156.6
226,Emanuel Wilson   SEA (11),RB,160.7
227,Kirk Cousins   LV (13),QB,161.0
228,Las Vegas Raiders   LV (13),DST,163.0
229,Tank Dell   HOU (8),WR,164.6
230,Deshaun Watson   CLE (11),QB,165.6
231,Keon Coleman   BUF (7),WR,165.8
232,Malik Washington   MIA (6),WR,166.0
233,Isiah Pacheco   DET (6),RB,166.9
234,Jalen McMillan   TB (10),WR,167.1
235,Matt Gay   LV,K,167.1
236,Mike Gesicki   CIN (6),TE,167.8
237,Jordyn Tyson   NO (8),WR,167.9
238,Jacoby Brissett   ARI (14),QB,168.2
239,Atlanta Falcons   ATL (11),DST,168.2
240,Michael Penix Jr.   ATL (11),QB,168.2
241,Michael Mayer   LV (13),TE,168.3
242,Darnell Washington   PIT (9),TE,168.4
243,Miami Dolphins   MIA (6),DST,168.4
244,Kalif Raymond   CHI (10),WR,168.5
245,Dominic Zvada   NYG (8),K,168.6
246,Jerry Jeudy   CLE (11),WR,168.7
247,Tampa Bay Buccaneers   TB (10),DST,168.7
248,J.J. McCarthy   NYG (8),QB,168.8
249,Fernando Mendoza   LV (13),QB,168.9
250,Carolina Panthers   CAR (5),DST,168.9
251,Andre Szmyt   CLE,K,168.9
252,Jaylen Wright   MIA (6),RB,169.0
253,Odell Beckham Jr.   MIN (6),WR,169.0
254,Najee Harris   NYG (8),RB,169.0
255,Ryan Fitzgerald   CAR (5),K,169.1
256,Rashod Bateman   BAL (13),WR,169.1
257,New York Jets   NYJ (13),DST,169.1
258,Arizona Cardinals   ARI (14),DST,169.1
259,Will Shipley   PHI (10),RB,169.1
260,Justice Hill   BAL (13),RB,169.2
261,Dawson Knox   BUF (7),TE,169.2
262,Ryan Flournoy   DAL (14),WR,169.2
263,KaVontae Turpin   DAL (14),WR,169.2
264,Tyler Higbee   LAR (11),TE,169.4
265,Jameis Winston   NYG (8),QB,169.4
266,Shedeur Sanders   CLE (11),QB,169.4
267,Samaje Perine   CIN (6),RB,169.4
268,Cole Kmet   CHI (10),TE,169.4
269,Jauan Jennings   MIN (6),WR,169.5
270,Washington Commanders   WAS (7),DST,169.5
271,Malachi Fields   NYG (8),WR,169.5
272,Ty Johnson   BUF (7),RB,169.5
273,New Orleans Saints   NO (8),DST,169.6
274,Daniel Carlson   NO (8),K,169.6
275,Tennessee Titans   TEN (9),DST,169.6
276,Tyquan Thornton   KC (5),WR,169.6
277,Calvin Ridley   TEN (9),WR,169.6
278,Evan Engram   DEN (10),TE,169.6
279,Kyle Juszczyk   SF (8),RB,169.6
280,Dylan Sampson   CLE (11),RB,169.6
281,Geno Smith   NYJ (13),QB,169.6
282,Indianapolis Colts   IND (13),DST,169.6
283,Zachariah Branch   ATL (11),WR,169.7
284,Antonio Williams   WAS (7),WR,169.7
285,Tyson Bagent   CHI (10),QB,169.7
286,Caleb Douglas   MIA (6),WR,169.7
287,Mac Jones   SF (8),QB,169.7
288,Chad Ryland   ARI (14),K,169.7
289,Tyrone Tracy Jr.   NYG (8),RB,169.7
290,Jalon Daniels   TB,QB,169.7
291,Joshua Palmer   BUF (7),WR,169.7
292,Joe Flacco   CIN (6),QB,169.7
293,Noah Gray   KC (5),TE,169.7
294,Jahan Dotson   ATL (11),WR,169.7
295,Jaylin Noel   HOU (8),WR,169.7
296,Tua Tagovailoa   ATL (11),QB,169.7
297,Tommy Tremble   CAR (5),TE,169.7
298,Riley Patterson   MIA,K,169.7
299,Germie Bernard   PIT (9),WR,169.7
300,Omar Cooper Jr.   NYJ (13),WR,169.8
301,Colby Parkinson   LAR (11),TE,169.8
302,Malik Davis   DAL (14),RB,169.8
303,Theo Johnson   NYG (8),TE,169.8
304,Justin Fields   KC (5),QB,169.8
305,Chimere Dike   TEN (9),WR,169.8
306,Xavier Legette   CAR (5),WR,169.8
307,Emari Demercado   FA,RB,169.8
308,Tommy DeVito   NE,QB,169.8
309,Sam Howell   DAL (14),QB,169.8
310,Drew Stevens   WAS (7),K,169.8
311,Austin Hooper   ATL (11),TE,169.8
312,Zavion Thomas   CHI (10),WR,169.8
313,Skyler Bell   BUF (7),WR,169.8
314,Jordan James   SF (8),RB,169.8
315,Ty Simpson   LAR (11),QB,169.8
316,Joey Slye   TEN (9),K,169.8
317,Olamide Zaccheaus   ATL (11),WR,169.8
318,Jacob Saylors   DET (6),RB,169.8
319,Kaleb Johnson   GB (11),RB,169.8
320,Sione Vaki   DET (6),RB,169.8
321,Devontez Walker   BAL (13),WR,169.8
322,Cade Otton   TB (10),TE,169.8
323,Troy Franklin   DEN (10),WR,169.8
324,DeMario Douglas   NE (11),WR,169.8
325,George Holani   SEA (11),RB,169.8
326,Jonnu Smith   GB (11),TE,169.8
327,Carson Beck   ARI (14),QB,169.8
328,Drew Sample   CIN (6),TE,169.8
329,Isaiah Bond   CLE (11),WR,169.8
330,Xavier Hutchinson   HOU (8),WR,169.9
331,Sean Tucker   TB (10),RB,169.9
332,Darnell Mooney   NYG (8),WR,169.9
333,Mason Taylor   NYJ (13),TE,169.9
334,Kimani Vidal   LAC (7),RB,169.9
335,Brashard Smith   KC (5),RB,169.9
336,Elijah Arroyo   SEA (11),TE,169.9
337,Ja'Tavion Sanders   CAR (5),TE,169.9
338,Kyle Williams   NE (11),WR,169.9
339,Elijah Higgins   ARI (14),TE,169.9
340,Bryce Lance   NO (8),WR,169.9
341,Noah Fant   NO (8),TE,169.9
342,Hollywood Brown   PHI (10),WR,169.9
343,Isaiah Williams   NYJ (13),WR,169.9
344,Erick All Jr.   CIN (6),TE,169.9
345,Chris Bell   MIA (6),WR,169.9
346,Seth McGowan   IND (13),RB,169.9
347,Ted Hurst III   TB (10),WR,169.9
348,Marcus Mariota   WAS (7),QB,169.9
349,Chris Brooks   GB (11),RB,169.9
350,Isaiah Davis   NYJ (13),RB,169.9
351,Kendrick Bourne   ARI (14),WR,169.9
352,Cyrus Allen   KC (5),WR,169.9
353,Eli Raridon   NE (11),TE,169.9
354,Anthony Richardson Sr.   IND (13),QB,169.9
355,Blake Grupe   NYJ (13),K,169.9
356,Adam Trautman   DEN (10),TE,169.9
357,Ashton Dulin   IND (13),WR,169.9
358,Jalen Tolbert   MIA (6),WR,169.9
359,LeQuint Allen Jr.   JAC (7),RB,169.9
360,Marvin Mims Jr.   DEN (10),WR,169.9
361,Savion Williams   GB (11),WR,169.9
362,Josh Oliver   MIN (6),TE,169.9
363,John Bates   WAS (7),TE,169.9
364,Jarrett Stidham   DEN,QB,169.9
365,Tanner McKee   PHI,QB,169.9
366,Will Kacmarek   MIA (6),TE,169.9
367,Kendre Miller   NO (8),RB,169.9
368,Eli Stowers   PHI (10),TE,169.9
369,Malik Benson   LV (13),WR,169.9
370,Andrei Iosivas   CIN (6),WR,169.9
371,Kevin Coleman Jr.   MIA (6),WR,169.9
372,Jake Tonges   SF (8),TE,169.9
373,Dyami Brown   WAS (7),WR,169.9
374,Treylon Burks   WAS (7),WR,169.9
375,Mack Hollins   NE (11),WR,170.0
376,Charlie Kolar   LAC (7),TE,170.0
377,Jack Bech   LV (13),WR,170.0
378,Tory Horton   SEA (11),WR,170.0
379,Max Klare   LAR (11),TE,170.0
380,James Conner   ARI (14),RB,170.0
381,Jam Miller   ATL (11),RB,170.0
382,Cade Stover   HOU (8),TE,170.0
383,Rasheen Ali   BAL (13),RB,170.0
384,Eli Heidenreich   PIT (9),RB,170.0
385,Riley Nowakowski   PIT,RB,170.0
386,Tahj Brooks   CIN (6),RB,170.0
387,Demond Claiborne   MIN (6),RB,170.0
388,Kene Nwangwu   NYJ (13),RB,170.0
389,Dylan Laube   LV (13),RB,170.0
390,Trey Benson   ARI (14),RB,170.0
391,Bam Knight   ARI (14),RB,170.0
392,Tyler Badie   DEN (10),RB,170.0
393,Nicholas Singleton   TEN (9),RB,170.0
394,Ameer Abdullah   JAC (7),RB,170.0
395,DJ Giddens   IND (13),RB,170.1
396,Kaytron Allen   MIA (6),RB,170.1
397,Adam Randall   BAL (13),RB,170.1
398,Gunnar Helm   TEN (9),TE,170.4
399,Tre' Harris   LAC (7),WR,170.4
400,Pat Bryant   DEN (10),WR,170.5
