RK,TIERS,PLAYER NAME,TEAM,POS,BYE WEEK,BEST,WORST,AVG.,STD.DEV,ECR VS. ADP
1,1,Ja'Marr Chase,CIN,WR1,6,1,6,1.52,1.05,
2,1,Jahmyr Gibbs,DET,RB1,6,1,7,2.36,1.19,
3,1,Puka Nacua,LAR,WR2,11,1,15,3.48,1.88,
4,1,Bijan Robinson,ATL,RB2,11,1,10,4.40,1.39,
5,1,Amon-Ra St. Brown,DET,WR3,6,3,11,4.70,1.41,
6,1,Jaxon Smith-Njigba,SEA,WR4,11,1,12,5.51,1.60,
7,2,Christian McCaffrey,SF,RB3,8,2,33,9.24,4.83,
8,2,Justin Jefferson,MIN,WR5,6,4,81,9.44,5.90,
9,2,CeeDee Lamb,DAL,WR6,14,4,35,9.61,3.59,
10,2,Jonathan Taylor,IND,RB4,13,5,34,12.29,5.46,
11,2,A.J. Brown,NE,WR7,11,6,45,13.36,4.83,
12,2,Drake London,ATL,WR8,11,8,48,14.09,5.01,
13,3,Nico Collins,HOU,WR9,8,9,40,15.40,4.47,
14,3,Chase Brown,CIN,RB5,6,5,39,16.92,6.64,
15,3,Chris Olave,NO,WR10,8,8,44,16.92,6.04,
16,3,James Cook III,BUF,RB6,7,3,41,16.99,6.53,
17,3,Trey McBride,ARI,TE1,14,11,57,19.14,6.76,
18,3,George Pickens,DAL,WR11,14,8,45,19.90,6.43,
19,3,De'Von Achane,MIA,RB7,6,10,41,21.60,8.11,
20,3,Saquon Barkley,PHI,RB8,10,10,43,22.34,6.36,
21,3,DeVonta Smith,PHI,WR12,10,8,60,22.68,7.35,
22,3,Malik Nabers,NYG,WR13,8,8,55,23.52,8.71,
23,3,Kenneth Walker III,KC,RB9,5,7,56,25.63,8.36,
24,3,Josh Allen,BUF,QB1,7,11,56,25.80,3.77,
25,4,Omarion Hampton,LAC,RB10,7,7,53,26.00,8.01,
26,4,Rashee Rice,KC,WR14,5,9,91,28.20,11.59,
27,4,Zay Flowers,BAL,WR15,13,14,52,28.95,7.53,
28,4,Ashton Jeanty,LV,RB11,13,7,58,29.76,8.16,
29,4,Garrett Wilson,NYJ,WR16,13,15,60,30.75,6.91,
30,4,Lamar Jackson,BAL,QB2,13,20,74,31.86,10.01,
31,4,Colston Loveland,CHI,TE2,10,16,112,33.04,15.75,
32,4,Derrick Henry,BAL,RB12,13,11,53,33.20,8.34,
33,4,Jaylen Waddle,DEN,WR17,10,14,83,34.26,9.87,
34,4,Ladd McConkey,LAC,WR18,7,11,69,35.14,8.65,
35,4,Brock Bowers,LV,TE3,13,10,111,31.76,20.15,
36,4,Drake Maye,NE,QB3,11,26,71,36.19,11.46,
37,4,Tee Higgins,CIN,WR19,6,18,62,37.20,6.92,
38,4,Tetairoa McMillan,CAR,WR20,5,18,62,37.72,7.54,
39,5,Breece Hall,NYJ,RB13,13,21,61,40.85,5.65,
40,5,Jeremiyah Love,ARI,RB14,14,23,80,41.39,8.62,
41,5,Javonte Williams,DAL,RB15,14,21,65,41.88,6.86,
42,5,Emeka Egbuka,TB,WR21,10,18,116,42.13,8.97,
43,5,Kyren Williams,LAR,RB16,11,23,61,42.45,7.05,
44,5,Joe Burrow,CIN,QB4,6,27,104,45.47,14.25,
45,5,Travis Etienne Jr.,NO,RB17,8,24,75,46.06,6.45,
46,5,Luther Burden III,CHI,WR22,10,20,100,46.48,9.85,
47,5,Terry McLaurin,WAS,WR23,7,36,69,49.46,6.59,
48,5,DJ Moore,BUF,WR24,7,19,107,49.91,11.81,
49,5,Davante Adams,LAR,WR25,11,20,94,50.01,10.01,
50,5,Tyler Warren,IND,TE4,13,22,144,50.49,15.18,
51,5,D'Andre Swift,CHI,RB18,10,34,77,51.15,7.13,
52,5,Jameson Williams,DET,WR26,6,38,94,54.43,10.52,
53,5,Jalen Hurts,PHI,QB5,10,27,113,55.13,14.32,
54,5,Bucky Irving,TB,RB19,10,30,80,55.56,7.09,
55,5,Parker Washington,JAC,WR27,7,20,149,56.95,14.61,
56,5,Christian Watson,GB,WR28,11,29,107,57.31,11.44,
57,5,Cam Skattebo,NYG,RB20,8,28,99,57.47,9.68,
58,6,Jayden Daniels,WAS,QB6,7,27,113,59.01,17.64,
59,6,David Montgomery,HOU,RB21,8,34,117,59.28,9.27,
60,6,Quinshon Judkins,CLE,RB22,11,34,84,60.94,8.99,
61,6,Mike Evans,SF,WR29,8,29,136,61.74,14.93,
62,6,Rome Odunze,CHI,WR30,10,40,110,62.15,9.86,
63,6,Caleb Williams,CHI,QB7,10,27,101,65.35,12.88,
64,6,Jadarian Price,SEA,RB23,11,39,135,66.66,11.45,
65,6,Marvin Harrison Jr.,ARI,WR31,14,40,126,67.56,14.58,
66,6,Bhayshul Tuten,JAC,RB24,7,41,102,67.69,11.14,
67,6,Carnell Tate,TEN,WR32,9,35,136,68.36,18.07,
68,6,Rhamondre Stevenson,NE,RB25,11,41,102,68.97,9.87,
69,6,Justin Herbert,LAC,QB8,7,30,113,71.35,13.91,
70,6,Trevor Lawrence,JAC,QB9,7,30,108,73.39,13.40,
71,6,Jaylen Warren,PIT,RB26,9,50,103,74.20,8.88,
72,6,Chris Godwin Jr.,TB,WR33,10,48,126,74.26,14.81,
73,6,DK Metcalf,PIT,WR34,9,49,133,76.89,13.97,
74,6,Harold Fannin Jr.,CLE,TE5,11,22,203,76.97,17.21,
75,6,Kyle Pitts Sr.,ATL,TE6,11,57,131,77.35,12.55,
76,6,Dak Prescott,DAL,QB10,14,37,114,77.45,13.01,
77,6,TreVeyon Henderson,NE,RB27,11,35,177,75.71,13.54,
78,7,Michael Pittman Jr.,PIT,WR35,9,45,173,81.03,16.58,
79,7,Tucker Kraft,GB,TE7,11,32,111,81.59,14.67,
80,7,Brian Thomas Jr.,JAC,WR36,7,49,165,82.64,15.59,
81,7,Rico Dowdle,PIT,RB28,9,61,120,83.84,11.69,
82,7,Sam LaPorta,DET,TE8,6,54,138,83.95,13.52,
83,7,Tony Pollard,TEN,RB29,9,61,130,84.01,12.06,
84,7,Josh Downs,IND,WR37,13,49,140,87.40,15.77,
85,7,Michael Wilson,ARI,WR38,14,36,149,88.03,17.42,
86,7,Courtland Sutton,DEN,WR39,10,49,126,86.47,14.94,
87,7,Jonathon Brooks,CAR,RB30,5,50,238,90.02,23.55,
88,7,Wan'Dale Robinson,TEN,WR40,9,42,140,90.66,16.04,
89,7,Quentin Johnston,LAC,WR41,7,51,149,91.05,15.68,
90,7,Stefon Diggs,WAS,WR42,7,49,224,89.51,23.01,
91,7,RJ Harvey,DEN,RB31,10,55,145,94.93,16.44,
92,7,Kenny Gainwell,TB,RB32,10,61,145,95.59,14.41,
93,7,George Kittle,SF,TE9,8,32,209,95.89,15.76,
94,7,Brock Purdy,SF,QB11,8,63,134,96.23,11.02,
95,7,Chuba Hubbard,CAR,RB33,5,50,143,97.56,16.33,
96,7,Bo Nix,DEN,QB12,10,57,119,98.00,9.93,
97,7,Alec Pierce,IND,WR43,13,44,178,98.27,19.79,
98,7,Travis Kelce,KC,TE10,5,57,144,99.35,16.19,
99,7,Jayden Reed,GB,WR44,11,55,150,100.26,16.50,
100,7,Jaxson Dart,NYG,QB13,8,54,147,100.53,13.32,
101,7,Patrick Mahomes II,KC,QB14,5,51,135,102.26,11.96,
102,7,J.K. Dobbins,DEN,RB34,10,61,135,102.51,16.91,
103,7,Jared Goff,DET,QB15,6,54,132,103.72,12.33,
104,7,Matthew Stafford,LAR,QB16,11,52,129,105.38,12.18,
105,7,Jordan Addison,MIN,WR45,6,64,163,105.88,16.29,
106,8,Blake Corum,LAR,RB35,11,78,152,107.70,16.16,
107,8,MarShawn Lloyd,GB,RB36,11,55,293,104.67,36.56,
108,8,KC Concepcion Jr.,CLE,WR46,11,68,199,109.78,20.17,
109,8,Jordan Mason,MIN,RB37,6,61,157,111.25,18.28,
110,8,Dalton Kincaid,BUF,TE11,7,73,173,111.32,16.02,
111,8,Kyler Murray,MIN,QB17,6,55,134,111.53,11.85,
112,8,Rachaad White,WAS,RB38,7,71,157,111.82,16.20,
113,8,Jakobi Meyers,JAC,WR47,7,69,176,113.13,18.20,
114,8,Makai Lemon,PHI,WR48,10,71,269,114.24,24.52,
115,8,Jordan Love,GB,QB18,11,92,149,116.59,9.05,
116,8,Jacory Croskey-Merritt,WAS,RB39,7,67,148,116.81,15.21,
117,8,Dallas Goedert,PHI,TE12,10,73,209,117.19,17.92,
118,8,Baker Mayfield,TB,QB19,10,70,145,117.92,10.41,
119,8,De'Zhaun Stribling,SF,WR49,8,62,230,117.02,27.56,
120,8,Aaron Jones Sr.,MIN,RB40,6,65,157,119.10,16.80,
121,8,Kyle Monangai,CHI,RB41,10,77,182,119.22,14.38,
122,8,Isaiah Likely,NYG,TE13,8,73,256,121.41,29.32,
123,8,Matthew Golden,GB,WR50,11,77,202,121.79,19.32,
124,8,Jake Ferguson,DAL,TE14,14,73,229,123.93,22.60,
125,8,Tyler Shough,NO,QB20,8,79,169,124.18,10.90,
126,8,Romeo Doubs,NE,WR51,11,88,210,124.48,15.05,
127,8,Jalen Coker,CAR,WR52,5,82,180,124.57,15.50,
128,8,Juwan Johnson,NO,TE15,8,85,229,126.80,21.20,
129,8,Khalil Shakir,BUF,WR53,7,83,219,125.81,16.07,
130,8,Malik Willis,MIA,QB21,6,92,255,128.77,19.60,
131,8,Xavier Worthy,KC,WR54,5,83,221,129.64,16.39,
132,8,Woody Marks,HOU,RB42,8,93,189,133.49,14.63,
133,8,Tyler Allgeier,ARI,RB43,14,80,189,134.08,15.31,
134,8,Chris Rodriguez Jr.,JAC,RB44,7,86,237,136.94,17.43,
135,8,Mark Andrews,BAL,TE16,13,95,256,136.13,26.17,
136,8,Tyjae Spears,TEN,RB45,9,89,222,139.29,19.85,
137,8,Sam Darnold,SEA,QB22,11,113,212,139.84,13.10,
138,8,C.J. Stroud,HOU,QB23,8,101,208,142.43,13.71,
139,9,Daniel Jones,IND,QB24,13,98,242,144.05,17.44,
140,9,Deebo Samuel Sr.,SF,WR55,8,82,262,139.38,26.59,
141,9,Rashid Shaheed,SEA,WR56,11,110,208,144.05,16.92,
142,9,Jonah Coleman,DEN,RB46,10,99,263,148.73,22.62,
143,9,Dylan Sampson,CLE,RB47,11,84,233,150.34,20.11,
144,9,Jordyn Tyson,NO,WR57,8,82,270,144.84,30.61,
145,9,Mike Washington Jr.,LV,RB48,13,89,360,149.85,26.28,
146,9,Denzel Boston,CLE,WR58,11,94,244,150.21,21.90,
147,9,Josh Jacobs,GB,RB49,11,42,360,142.69,46.55,
148,9,Keaton Mitchell,LAC,RB50,7,99,314,149.04,24.29,
149,9,Tre Tucker,LV,WR59,13,94,293,153.11,27.34,
150,9,Brenton Strange,JAC,TE17,7,111,236,158.25,22.58,
151,9,Dalton Schultz,HOU,TE18,8,97,236,158.33,25.88,
152,9,Cam Ward,TEN,QB25,9,129,276,163.43,27.80,
153,9,Chig Okonkwo,WAS,TE19,7,111,259,165.10,25.59,
154,9,Houston Texans,HOU,DST1,8,138,186,153.92,6.69,
155,9,Tank Bigsby,PHI,RB51,10,131,266,166.36,20.52,
156,9,Zach Charbonnet,SEA,RB52,11,86,311,160.17,26.96,
157,9,Hunter Henry,NE,TE20,11,111,248,168.96,24.24,
158,9,Kayshon Boutte,HOU,WR60,8,110,277,166.71,24.18,
159,9,Alvin Kamara,NO,RB53,8,83,318,165.30,30.76,
160,9,Bryce Young,CAR,QB26,5,129,326,167.13,26.11,
161,9,Adonai Mitchell,NYJ,WR61,13,126,269,168.53,24.03,
162,9,Jalen McMillan,TB,WR62,10,136,298,172.17,25.48,
163,9,Los Angeles Rams,LAR,DST2,11,146,206,164.64,8.62,
164,9,Brian Robinson Jr.,ATL,RB54,11,120,260,173.47,21.86,
165,9,Denver Broncos,DEN,DST3,10,148,209,165.98,8.00,
166,9,Emmett Johnson,KC,RB55,5,132,364,175.95,33.75,
167,9,Dontayvion Wicks,PHI,WR63,10,94,289,175.01,32.70,
168,9,Seattle Seahawks,SEA,DST4,11,151,280,168.51,10.70,
169,9,Braelon Allen,NYJ,RB56,13,122,278,175.86,27.90,
170,9,Jerry Jeudy,CLE,WR64,11,123,291,173.00,25.09,
171,9,Philadelphia Eagles,PHI,DST5,10,155,235,174.46,8.03,
172,9,Jalen Nailor,LV,WR65,13,123,283,182.78,28.82,
173,10,Tyrone Tracy Jr.,NYG,RB57,8,86,338,180.57,42.11,
174,10,Tre' Harris,LAC,WR66,7,133,277,180.68,26.06,
175,10,Jauan Jennings,MIN,WR67,6,110,285,179.34,27.29,
176,10,Keenan Allen,IND,WR68,13,82,396,179.78,48.62,
177,10,T.J. Hockenson,MIN,TE21,6,112,295,186.75,28.96,
178,10,Ryan Flournoy,DAL,WR69,14,137,329,184.38,26.06,
179,10,Ray Davis,BUF,RB58,7,135,260,187.70,29.81,
180,10,Omar Cooper Jr.,NYJ,WR70,13,128,302,185.43,29.81,
181,10,Brandon Aubrey,DAL,K1,14,124,198,185.74,7.18,
182,10,Malik Washington,MIA,WR71,6,107,296,187.75,31.48,
183,10,Pat Bryant,DEN,WR72,10,115,293,186.48,26.48,
184,10,Pittsburgh Steelers,PIT,DST6,9,163,259,186.28,9.47,
185,10,Jacoby Brissett,ARI,QB27,14,98,338,193.99,38.37,
186,10,Minnesota Vikings,MIN,DST7,6,162,275,186.23,12.27,
187,10,New England Patriots,NE,DST8,11,160,280,187.75,14.73,
188,10,Jacksonville Jaguars,JAC,DST9,7,155,280,190.16,14.03,
189,10,Ka'imi Fairbairn,HOU,K2,8,135,252,192.87,8.45,
190,10,Cameron Dicker,LAC,K3,7,151,282,193.56,8.87,
191,10,Baltimore Ravens,BAL,DST10,13,161,280,193.95,15.45,
192,10,AJ Barner,SEA,TE22,11,131,268,203.37,27.07,
193,10,Los Angeles Chargers,LAC,DST11,7,167,356,192.08,17.73,
194,10,Cam Little,JAC,K4,7,161,333,198.43,12.39,
195,10,Terrance Ferguson,LAR,TE23,11,112,295,202.55,39.50,
196,10,Aaron Rodgers,PIT,QB28,9,129,341,204.19,39.67,
197,10,Jason Myers,SEA,K5,11,169,253,200.53,8.36,
198,10,Ja'Kobi Lane,BAL,WR73,13,100,322,203.80,39.48,
199,10,Kimani Vidal,LAC,RB59,7,148,332,207.40,35.36,
200,10,Calvin Ridley,TEN,WR74,9,137,311,209.42,31.25,
201,10,Eddy Pineiro,SF,K6,8,175,282,208.70,12.39,
202,10,Kansas City Chiefs,KC,DST12,5,161,280,206.37,18.02,
203,10,Chris Bell,MIA,WR75,6,107,294,209.13,37.13,
204,10,Jaylin Noel,HOU,WR76,8,142,298,204.15,23.69,
205,10,Sean Tucker,TB,RB60,10,143,301,215.63,32.07,
206,10,Kaelon Black,SF,RB61,8,121,381,212.59,46.13,
207,10,Kenyon Sadiq,NYJ,TE24,13,144,375,221.42,30.56,
208,10,Tyler Loop,BAL,K7,13,183,333,213.14,19.15,
209,10,Travis Hunter,JAC,WR77,7,133,323,207.84,34.61,
210,10,Malachi Fields,NYG,WR78,8,128,354,211.74,34.40,
211,10,Geno Smith,NYJ,QB29,13,129,342,224.08,33.08,
212,10,Jake Bates,DET,K8,6,183,255,217.64,15.00,
213,10,Malik Davis,DAL,RB62,14,152,370,220.88,43.94,
214,11,Nicholas Singleton,TEN,RB63,9,143,365,220.48,36.55,
215,11,Green Bay Packers,GB,DST13,11,176,332,209.99,24.83,
216,11,Gunnar Helm,TEN,TE25,9,153,305,229.24,25.12,
217,11,Pat Freiermuth,PIT,TE26,9,144,333,230.65,28.86,
218,11,Justice Hill,BAL,RB64,13,132,314,220.70,41.48,
219,11,Cooper Kupp,SEA,WR79,11,116,298,224.34,28.42,
220,11,Evan McPherson,CIN,K9,6,175,333,218.69,21.29,
221,11,Caleb Douglas,MIA,WR80,6,128,327,208.68,40.75,
222,11,Buffalo Bills,BUF,DST14,7,185,344,220.58,21.46,
223,11,Rashod Bateman,BAL,WR81,13,166,321,225.65,26.08,
224,11,Cairo Santos,CHI,K10,10,178,333,224.01,25.07,
225,11,Chase McLaughlin,TB,K11,10,182,333,225.11,23.30,
226,11,Isaac TeSlaa,DET,WR82,6,174,314,225.70,24.84,
227,11,Cade Otton,TB,TE27,10,158,309,234.36,25.78,
228,11,Darnell Mooney,NYG,WR83,8,163,311,229.12,24.71,
229,11,Devaughn Vele,NO,WR84,8,136,307,228.27,40.03,
230,11,Oronde Gadsden II,LAC,TE28,7,124,349,232.93,35.78,
231,11,Zachariah Branch,ATL,WR85,11,149,315,228.50,29.49,
232,11,Najee Harris,NYG,RB65,8,102,327,225.51,45.27,
233,11,George Holani,SEA,RB66,11,117,383,228.48,41.32,
234,11,Kaytron Allen,WAS,RB67,7,145,366,233.35,33.49,
235,11,Detroit Lions,DET,DST15,6,174,356,219.51,26.70,
236,11,Harrison Mevis,LAR,K12,11,193,333,227.42,22.86,
237,11,Isiah Pacheco,DET,RB68,6,90,370,224.15,51.48,
238,11,Greg Dulcich,MIA,TE29,6,124,295,220.74,38.21,
239,11,Germie Bernard,PIT,WR86,9,154,330,230.24,28.14,
240,11,Andy Borregales,NE,K13,11,181,333,226.88,21.21,
241,11,Jaylen Wright,MIA,RB69,6,149,314,238.40,27.23,
242,11,Troy Franklin,DEN,WR87,10,150,350,232.46,34.99,
243,11,James Conner,ARI,RB70,14,93,326,235.27,40.34,
244,11,Cleveland Browns,CLE,DST16,11,162,356,224.50,32.36,
245,11,Kaleb Johnson,GB,RB71,11,97,381,241.16,43.60,
246,11,Ted Hurst III,TB,WR88,10,150,378,239.46,34.82,
247,11,Antonio Williams,WAS,WR89,7,137,344,236.16,35.16,
248,11,Samaje Perine,CIN,RB72,6,143,408,244.57,43.49,
249,11,Evan Engram,DEN,TE30,10,173,336,252.85,25.21,
250,11,Harrison Butker,KC,K14,5,190,333,242.65,24.59,
251,11,Chris Boswell,PIT,K15,9,181,330,243.37,23.18,
252,11,Emanuel Wilson,SEA,RB73,11,146,365,246.78,36.91,
253,11,Fernando Mendoza,LV,QB30,13,129,343,260.63,34.41,
254,11,Jack Bech,LV,WR90,13,154,376,243.58,28.35,
255,11,Keon Coleman,BUF,WR91,7,150,340,251.10,26.94,
256,11,Chris Brooks,GB,RB74,11,132,337,250.31,39.11,
257,11,Cyrus Allen,KC,WR92,5,109,435,229.88,52.53,
258,11,David Njoku,LAC,TE31,7,155,395,257.57,30.89,
259,11,Will Reichard,MIN,K16,6,195,332,245.50,26.91,
260,11,Tank Dell,HOU,WR93,8,165,323,239.96,36.90,
261,11,Ollie Gordon II,MIA,RB75,6,156,342,260.00,31.24,
262,11,Demond Claiborne,MIN,RB76,6,130,389,256.21,33.91,
263,11,Colby Parkinson,LAR,TE32,11,217,352,266.89,19.95,
264,11,Tyquan Thornton,KC,WR94,5,168,324,264.10,25.19,
265,11,Isaiah Davis,NYJ,RB77,13,162,318,266.15,22.91,
266,11,Seth McGowan,IND,RB78,13,132,391,261.71,43.71,
267,11,Ty Johnson,BUF,RB79,7,169,381,264.86,30.65,
268,11,Wil Lutz,DEN,K17,10,175,333,264.88,29.77,
269,11,LeQuint Allen Jr.,JAC,RB80,7,146,314,267.46,25.47,
270,11,Xavier Legette,CAR,WR95,5,195,335,263.01,25.71,
271,11,Elic Ayomanor,TEN,WR96,9,178,341,260.59,28.52,
272,11,Jordan James,SF,RB81,8,157,397,268.86,34.91,
273,12,Tory Horton,SEA,WR97,11,207,316,267.40,19.61,
274,12,Chimere Dike,TEN,WR98,9,166,394,261.54,36.76,
275,12,Tua Tagovailoa,ATL,QB31,11,153,344,282.52,31.08,
276,12,Michael Penix Jr.,ATL,QB32,11,153,359,280.91,28.07,
277,12,Kendre Miller,NO,RB82,8,162,337,275.28,33.85,
278,12,Mason Taylor,NYJ,TE33,13,203,336,275.08,22.20,
279,12,Kirk Cousins,LV,QB33,13,159,347,286.55,32.17,
280,12,Marvin Mims Jr.,DEN,WR99,10,202,344,271.63,24.51,
281,12,Deshaun Watson,CLE,QB34,11,113,346,287.15,36.05,
282,12,New Orleans Saints,NO,DST17,8,172,356,259.15,36.00,
283,12,Brashard Smith,KC,RB83,5,162,379,280.81,27.85,
284,12,Kyle Williams,NE,WR100,11,202,347,274.78,26.12,
285,12,Elijah Sarratt,BAL,WR101,13,202,381,274.88,28.41,
286,12,San Francisco 49ers,SF,DST18,8,167,356,265.38,36.97,
287,12,Theo Johnson,NYG,TE34,8,205,353,289.45,28.54,
288,12,Devin Singletary,NYG,RB84,8,148,329,288.72,24.43,
289,12,Shedeur Sanders,CLE,QB35,11,196,359,300.81,24.00,
290,12,DJ Giddens,IND,RB85,13,213,338,285.77,23.33,
291,12,Christian Kirk,SF,WR102,8,180,384,283.07,36.11,
292,12,Andrei Iosivas,CIN,WR103,6,168,362,276.94,33.92,
293,12,Indianapolis Colts,IND,DST19,13,171,356,275.00,40.89,
294,12,Darius Slayton,IND,WR104,13,168,378,281.87,32.49,
295,12,Hollywood Brown,PHI,WR105,10,227,367,291.56,20.70,
296,12,DeMario Douglas,NE,WR106,11,168,420,270.29,44.36,
297,12,Mack Hollins,NE,WR107,11,221,384,289.45,26.27,
298,12,Mike Gesicki,CIN,TE35,6,223,357,274.68,24.01,
299,12,Eli Stowers,PHI,TE36,10,209,392,295.20,33.22,
300,12,Skyler Bell,BUF,WR108,7,215,380,291.72,28.26,
301,12,Michael Mayer,LV,TE37,13,158,342,266.41,42.93,
302,12,Darren Waller,CAR,TE38,5,196,352,269.94,30.53,
303,12,Adam Randall,BAL,RB86,13,223,393,299.40,29.55,
304,12,Atlanta Falcons,ATL,DST20,11,185,356,278.55,38.20,
305,12,Isaiah Bond,CLE,WR109,11,224,373,299.87,23.41,
306,12,Emari Demercado,DAL,RB87,14,201,379,303.24,24.22,
307,12,Jahan Dotson,ATL,WR110,11,154,369,273.11,42.96,
308,12,Charlie Kolar,LAC,TE39,7,158,361,272.11,39.63,
309,12,Will Shipley,PHI,RB88,10,145,363,297.76,26.92,
310,12,Jaydon Blue,PHI,RB89,10,146,412,290.07,46.80,
311,12,Tahj Brooks,CIN,RB90,6,229,394,308.32,19.92,
312,12,Chicago Bears,CHI,DST21,10,167,356,271.11,49.66,
313,12,Trevor Etienne,CAR,RB91,5,222,389,305.44,20.91,
314,12,Audric Estime,MIN,RB92,6,251,364,312.27,18.10,
315,12,Jake Tonges,SF,TE40,8,228,359,302.74,30.68,
316,13,Darnell Washington,PIT,TE41,9,225,394,296.51,29.72,
317,13,Devin Neal,MIN,RB93,6,218,368,292.22,32.91,
318,13,Isaac Guerendo,SF,RB94,8,189,387,302.59,26.38,
319,13,Jaleel McLaughlin,CLE,RB95,11,252,394,312.18,24.81,
320,13,Jacob Saylors,DET,RB96,6,146,366,290.79,52.98,
321,13,Kareem Hunt,FA,RB97,,160,418,304.30,30.31,
322,13,Xavier Hutchinson,HOU,WR111,8,178,383,292.76,40.12,
323,13,Elijah Arroyo,SEA,TE42,11,229,363,309.85,26.75,
324,13,Trey Benson,ARI,RB98,14,214,393,302.78,29.79,
325,13,Bryce Lance,NO,WR112,8,197,385,290.65,31.67,
326,13,Dallas Cowboys,DAL,DST22,14,168,364,245.46,51.31,
327,13,Jalen Tolbert,MIA,WR113,6,187,387,296.03,42.04,
328,13,Oscar Delp,NO,TE43,8,254,382,318.49,31.58,
329,13,Jarquez Hunter,MIA,RB99,6,219,394,312.86,28.65,
330,13,Jake Elliott,PHI,K18,10,187,380,294.69,42.93,
331,13,Kendrick Bourne,ARI,WR114,14,212,443,291.47,36.99,
332,13,Carson Beck,ARI,QB36,14,256,376,322.24,20.99,
333,13,Jerome Ford,FA,RB100,,228,387,302.38,27.94,
334,13,Brandon Aiyuk,SF,WR115,8,195,397,301.69,42.09,
335,13,Cole Kmet,CHI,TE44,10,260,380,323.23,24.87,
336,13,Charlie Smyth,NO,K19,8,192,359,283.41,40.22,
337,13,Olamide Zaccheaus,ATL,WR116,11,224,380,311.53,32.77,
338,13,Joshua Palmer,BUF,WR117,7,206,380,306.44,37.92,
339,13,Erick All Jr.,CIN,TE45,6,229,408,315.79,32.84,
340,13,Tyreek Hill,FA,WR118,,202,396,295.75,44.37,
341,13,Dawson Knox,BUF,TE46,7,259,413,328.80,28.38,
342,13,Eli Raridon,NE,TE47,11,203,410,321.13,34.89,
343,13,Roschon Johnson,CHI,RB101,10,170,387,305.79,40.43,
344,13,Tez Johnson,TB,WR119,10,221,381,320.48,37.17,
345,13,Malik Benson,LV,WR120,13,202,432,305.36,42.40,
346,13,Bam Knight,ARI,RB102,14,163,386,315.43,38.53,
347,13,Tyler Higbee,LAR,TE48,11,263,377,333.04,28.68,
348,13,Tyler Bass,BUF,K20,7,198,407,264.58,45.15,
349,13,New York Giants,NYG,DST23,8,171,384,252.20,53.60,
350,13,Trey Smack,GB,K21,11,206,352,266.58,41.55,
351,13,Treylon Burks,WAS,WR121,7,224,407,318.23,44.71,
352,13,Zavion Thomas,CHI,WR122,10,224,438,309.71,39.13,
353,13,Brenen Thompson,LAC,WR123,7,262,396,321.40,30.09,
354,13,Roman Wilson,PIT,WR124,9,195,376,301.68,39.48,
355,13,Jalen Royals,KC,WR125,5,272,384,327.80,24.68,
356,13,Noah Gray,KC,TE49,5,274,387,334.61,22.33,
357,13,Tampa Bay Buccaneers,TB,DST24,10,186,383,269.29,55.46,
358,13,Mac Jones,SF,QB37,8,263,440,337.49,25.23,
359,13,J.J. McCarthy,NYG,QB38,8,240,398,336.26,28.04,
360,13,Eli Heidenreich,PIT,RB103,9,238,381,306.67,32.01,
361,13,Kalif Raymond,CHI,WR126,10,227,397,314.77,40.58,
362,13,Luke McCaffrey,WAS,WR127,7,225,401,333.74,32.44,
363,13,Cedric Tillman,NO,WR128,8,232,396,313.09,34.98,
364,13,KaVontae Turpin,DAL,WR129,14,242,430,307.42,40.10,
365,13,Odell Beckham Jr.,FA,WR130,,223,380,309.33,44.74,
366,13,Carolina Panthers,CAR,DST25,5,172,365,269.16,56.59,
367,13,Konata Mumpfield,LAR,WR131,11,269,383,328.92,33.87,
368,13,Justin Fields,KC,QB39,5,219,388,341.39,28.02,
369,13,Max Klare,LAR,TE50,11,260,393,339.44,27.91,
370,13,Rasheen Ali,BAL,RB104,13,248,366,317.60,26.98,
371,13,Kyle Juszczyk,SF,RB105,8,231,338,293.63,23.21,
372,13,Sione Vaki,DET,RB106,6,194,383,318.45,34.70,
373,13,Ja'Tavion Sanders,CAR,TE51,5,261,398,343.78,30.49,
374,13,Ty Simpson,LAR,QB40,11,287,400,347.25,23.64,
375,13,Raheim Sanders,CLE,RB107,11,180,389,334.64,42.03,
376,13,Kevin Coleman Jr.,MIA,WR132,6,221,417,334.81,46.16,
377,13,Noah Fant,NO,TE52,8,258,394,349.45,29.18,
378,13,Joe Mixon,FA,RB108,,238,381,320.91,30.67,
379,14,Tutu Atwell,LAR,WR133,11,277,421,345.00,35.87,
380,14,Spencer Shrader,IND,K22,13,212,325,261.00,38.64,
381,14,Daniel Carlson,NO,K23,8,209,402,258.32,53.14,
382,14,Tennessee Titans,TEN,DST26,9,161,354,240.06,52.29,
383,14,Anthony Richardson Sr.,IND,QB41,13,268,388,348.25,28.59,
384,14,Colbie Young,CIN,WR134,6,262,391,335.14,32.64,
385,14,Cincinnati Bengals,CIN,DST27,6,167,353,236.13,48.87,
386,14,Demarcus Robinson,SF,WR135,8,270,411,349.65,33.77,
387,14,Jameis Winston,NYG,QB42,8,259,398,351.83,31.22,
388,14,Joe Flacco,CIN,QB43,6,270,401,351.68,30.78,
389,14,Dylan Laube,LV,RB109,13,263,394,333.22,27.01,
390,14,Jaylin Lane,WAS,WR136,7,302,409,358.64,27.18,
391,14,Chris Brazzell II,CAR,WR137,5,241,370,307.20,35.58,
392,14,Savion Williams,GB,WR138,11,286,441,358.95,29.59,
393,14,John Metchie III,CAR,WR139,5,267,413,347.91,36.97,
394,14,Cade Klubnik,NYJ,QB44,13,272,398,352.74,30.30,
395,14,Jonnu Smith,GB,TE53,11,273,426,353.18,34.05,
396,14,Tommy Tremble,CAR,TE54,5,290,400,355.63,30.41,
397,14,Barion Brown,NO,WR140,8,244,396,342.64,52.70,
398,14,Michael Carter,TEN,RB110,9,293,410,334.24,32.77,
399,14,Ben Sinnott,WAS,TE55,7,312,391,360.78,17.89,
400,14,Dont'e Thornton Jr.,LV,WR141,13,286,391,344.33,33.11,
401,14,Daniel Bellinger,TEN,TE56,9,274,405,354.32,31.29,
402,14,Corey Kiner,NE,RB111,11,263,389,337.50,30.87,
403,14,CJ Daniels,LAR,WR142,11,294,415,349.68,27.26,
404,14,Ameer Abdullah,JAC,RB112,7,288,394,328.35,30.02,
405,14,Chad Ryland,ARI,K24,14,192,391,283.15,62.47,
406,14,Marcus Mariota,WAS,QB45,7,262,407,351.59,35.34,
407,14,Hunter Luepke,DAL,RB113,14,288,393,331.65,32.70,
408,14,Jordan Whittington,LAR,WR143,11,267,439,358.41,38.35,
409,14,Isaiah Williams,NYJ,WR144,13,269,397,328.58,36.84,
410,14,Zane Gonzalez,FA,K25,,193,405,278.83,65.26,
411,14,AJ Dillon,CAR,RB114,5,263,394,342.91,35.75,
412,14,Nick Folk,ATL,K26,11,199,365,262.22,58.67,
413,14,Washington Commanders,WAS,DST28,7,190,400,263.11,77.39,
414,14,Elijah Higgins,ARI,TE57,14,328,425,369.87,21.38,
415,14,Austin Hooper,ATL,TE58,11,309,395,363.08,24.55,
416,14,Devontez Walker,BAL,WR145,13,265,448,359.18,41.12,
417,14,Joey Slye,TEN,K27,9,203,401,290.50,66.93,
418,14,Blake Grupe,NYJ,K28,13,197,363,262.00,58.00,
419,14,Miami Dolphins,MIA,DST29,6,186,390,292.70,70.21,
420,14,Jawhar Jordan,HOU,RB115,8,288,406,354.40,31.94,
421,14,Ashton Dulin,IND,WR146,13,296,396,348.06,33.69,
422,14,Mitchell Evans,CAR,TE59,5,298,404,368.73,24.59,
423,14,J'Mari Taylor,JAC,RB116,7,305,366,333.50,21.71,
424,14,Matt Hibner,BAL,TE60,13,294,374,344.06,22.70,
425,14,Dyami Brown,WAS,WR147,7,247,452,362.76,38.37,
426,14,Ryan Fitzgerald,CAR,K29,5,203,406,274.38,76.53,
427,14,Deion Burks,IND,WR148,13,303,451,360.70,33.63,
428,14,Justin Joly,MIA,TE61,6,321,392,356.24,18.76,
429,14,Austin Ekeler,WAS,RB117,7,243,388,332.50,39.29,
430,14,Phil Mafah,NYG,RB118,8,292,396,339.31,32.65,
431,14,Nick Westbrook-Ikhine,IND,WR149,13,244,411,346.50,44.22,
432,14,Jahdae Walker,CHI,WR150,10,301,396,359.12,28.09,
433,14,Tyler Badie,DEN,RB119,10,283,393,343.00,35.06,
434,14,New York Jets,NYJ,DST30,13,191,428,289.00,82.79,
435,14,Jeremy McNichols,WAS,RB120,7,288,388,347.38,28.57,
436,14,Brandon McManus,FA,K30,,203,392,273.00,70.95,
437,14,Luke Musgrave,GB,TE62,11,333,379,362.81,14.52,
438,14,Dameon Pierce,PHI,RB121,10,266,394,335.20,36.19,
439,14,Tai Felton,MIN,WR151,6,302,453,360.93,35.50,
440,14,Las Vegas Raiders,LV,DST31,13,220,359,284.67,49.06,
441,14,Marlin Klein,HOU,TE63,8,336,397,376.30,16.36,
442,14,Tyler Goodson,DAL,RB122,14,258,389,329.89,42.15,
443,14,Ronnie Rivers,LAR,RB123,11,248,389,358.08,37.28,
444,14,Max Bredeson,MIN,RB124,6,288,394,350.09,39.53,
445,14,Alec Ingold,LAC,RB125,7,284,393,346.10,36.66,
446,15,Khalil Herbert,ATL,RB126,11,219,393,285.40,61.70,
447,15,Ben Sauls,FA,K31,,212,450,294.60,89.58,
448,15,Dohnte Meyers,CIN,WR152,6,248,393,310.83,54.17,
449,15,Patrick Ricard,NYG,RB127,8,292,393,337.88,34.57,
450,15,Zach Ertz,PHI,TE64,10,320,422,365.42,28.08,
451,15,Jam Miller,FA,RB128,,301,370,329.57,20.83,
452,15,Josh Oliver,MIN,TE65,6,330,395,365.25,15.69,
453,15,Reggie Gilliam,NE,RB129,11,301,389,344.88,30.83,
454,15,John Bates,WAS,TE66,7,306,429,348.63,35.63,
455,15,Carson Wentz,MIN,QB46,6,138,370,282.00,87.24,
456,15,Miles Sanders,FA,RB130,,290,442,333.67,53.43,
457,15,Jason Sanders,NYJ,K32,13,200,403,313.80,75.80,
458,15,Pierre Strong Jr.,GB,RB131,11,304,393,346.00,32.71,
459,15,Isaiah Williams,FA,WR153,,293,397,346.43,31.14,
460,15,Jimmy Horn Jr.,CLE,WR154,11,331,380,361.67,15.97,
461,15,Julius Chestnut,TEN,RB132,9,343,394,375.09,15.82,
462,15,Elijah Moore,PHI,WR155,10,289,374,327.80,34.56,
463,15,Zavier Scott,CHI,RB133,10,264,387,328.40,43.97,
464,15,Josh Williams,TB,RB134,10,278,360,329.00,29.85,
465,15,Nate Boerkircher,JAC,TE67,7,333,388,362.50,17.78,
466,15,Jacob Cowing,SF,WR156,8,251,446,338.20,71.74,
467,15,Will Kacmarek,MIA,TE68,6,325,392,347.17,23.00,
468,15,Raheem Mostert,LV,RB135,13,263,312,280.33,22.43,
469,15,Terrell Jennings,FA,RB136,,287,398,335.80,37.72,
470,15,Arizona Cardinals,ARI,DST32,14,160,361,286.67,90.02,
471,15,Drew Stevens,WAS,K33,7,263,362,321.75,36.54,
472,15,Jackson Hawes,BUF,TE69,7,351,395,369.13,12.12,
473,15,Kalel Mullings,TEN,RB137,9,294,384,324.50,36.16,
474,15,Antonio Williams,FA,RB138,,252,354,294.67,43.28,
475,15,Joe Milton III,DAL,QB47,14,338,384,363.57,15.28,
476,15,Tyler Lockett,LV,WR157,13,270,409,344.80,47.69,
477,15,Darius Cooper,PHI,WR158,10,208,351,301.00,65.82,
478,15,Adam Trautman,DEN,TE70,10,355,412,377.22,18.87,
479,15,Greg Dortch,BUF,WR159,7,302,378,347.20,27.07,
480,15,Zamir White,NO,RB139,8,313,387,347.60,29.27,
481,15,Reggie Virgil,ARI,WR160,14,287,396,360.00,38.58,
482,15,DeAndre Hopkins,BAL,WR161,13,245,447,356.40,66.87,
483,15,Antonio Gibson,FA,RB140,,313,431,363.67,39.64,
484,15,Brandin Cooks,SF,WR162,8,282,362,311.67,35.78,
485,15,Tim Patrick,NYJ,WR163,13,317,396,353.80,27.83,
486,15,Tommy Myers,FA,TE71,,304,423,356.00,42.60,
487,15,Damien Martinez,FA,RB141,,297,404,354.60,41.20,
488,15,KeAndre Lambert-Smith,LAC,WR164,7,288,381,355.20,34.21,
489,15,Jalen Reagor,MIA,WR165,6,260,369,316.67,44.60,
490,15,Gardner Minshew II,ARI,QB48,14,315,373,344.00,21.47,
491,15,Drew Allar,PIT,QB49,9,308,386,358.20,34.12,
492,15,Kene Nwangwu,NYJ,RB142,13,329,391,369.00,21.81,
493,15,Xavier Restrepo,TEN,WR166,9,299,349,327.33,20.95,
494,15,Xavier Smith,LAR,WR167,11,303,385,362.60,30.10,
495,15,Alexander Mattison,FA,RB143,,233,338,285.50,52.50,
496,15,Josh Cameron,JAC,WR168,7,307,391,351.50,35.02,
497,15,British Brooks,HOU,RB144,8,317,394,373.83,26.58,
498,15,Drake Dabney,GB,TE72,11,247,341,294.00,47.00,
499,15,Taylen Green,CLE,QB50,11,328,368,354.50,16.33,
500,15,Lan Larison,NE,RB145,11,322,381,354.75,21.11,
501,15,Chris Blair,ATL,WR169,11,261,330,295.50,34.50,
502,15,Jack Strand,ATL,QB51,11,298,365,336.67,28.31,
503,15,Tanner Koziol,JAC,TE73,7,363,392,377.00,11.78,
504,15,Jaydn Ott,KC,RB146,5,291,393,340.33,41.71,
505,15,Theo Wease Jr.,LAC,WR170,7,245,416,340.67,71.28,
506,15,Adam Prentice,DEN,RB147,10,304,304,304.00,0.00,
507,15,Davis Mills,HOU,QB52,8,333,388,371.00,19.56,
508,15,Frank Gore Jr.,BUF,RB148,7,297,319,308.00,11.00,
509,15,Brock Wright,DET,TE74,6,360,395,373.00,12.28,
510,15,Kaden Wetjen,PIT,WR171,9,350,385,373.20,12.61,
511,15,Tyson Bagent,CHI,QB53,10,334,398,364.50,25.34,
512,15,Drew Sample,CIN,TE75,6,355,376,365.00,7.65,
513,15,Durham Smythe,BAL,TE76,13,352,377,365.75,11.39,
514,15,Tyrod Taylor,GB,QB54,11,355,419,377.00,22.57,
515,15,Luke Schoonmaker,DAL,TE77,14,378,390,384.00,4.93,
516,15,Tay Martin,DET,WR172,6,286,391,354.00,48.15,
517,15,Scotty Miller,FA,WR173,,271,380,325.50,54.50,
518,15,Sam Howell,DAL,QB55,14,292,359,325.50,33.50,
519,15,Cade Stover,HOU,TE78,8,357,392,370.75,14.74,
520,15,Roman Hemby,LV,RB149,13,292,364,328.00,36.00,
521,15,Cash Jones,ATL,RB150,11,314,393,357.67,32.79,
522,15,Marquez Valdes-Scantling,LAC,WR174,7,323,427,375.25,36.81,
523,15,Sincere McCormick,SF,RB151,8,310,354,332.00,22.00,
524,15,Jordan Watkins,SF,WR175,8,319,347,333.00,14.00,
525,15,Foster Moreau,HOU,TE79,8,375,395,382.60,7.50,
526,15,Diontae Johnson,FA,WR176,,312,360,336.00,24.00,
527,15,Tanner Hudson,CIN,TE80,6,350,391,376.50,15.69,
528,15,Trey Lance,LAC,QB56,7,363,388,376.50,9.45,
529,15,Lew Nichols III,PIT,RB152,9,311,366,338.50,27.50,
530,15,Lil'Jordan Humphrey,DEN,WR177,10,346,405,377.00,21.27,
531,15,Mason Rudolph,PIT,QB57,9,291,388,339.50,48.50,
532,15,Mitch Tinsley,CIN,WR178,6,340,385,364.67,18.62,
533,15,Spencer Rattler,NO,QB58,8,295,386,340.50,45.50,
534,15,Juice Wells Jr.,ATL,WR179,11,266,455,360.50,94.50,
535,16,Michael Woods II,FA,WR180,,291,395,343.00,52.00,
536,16,Tyler Conklin,DET,TE81,6,309,378,343.50,34.50,
537,16,Jake Browning,FA,QB59,,308,380,344.00,36.00,
538,16,Efton Chism III,NE,WR181,11,315,374,344.50,29.50,
539,16,Gabe Davis,FA,WR182,,307,449,380.00,58.04,
540,16,Jermaine Burton,FA,WR183,,302,454,383.33,62.51,
541,16,Taysom Hill,FA,TE82,,322,437,378.33,46.98,
542,16,Kevin Austin Jr.,NO,WR184,8,318,391,354.50,36.50,
543,16,Michael Burton,CLE,RB153,11,313,397,355.00,42.00,
544,16,Dominic Zvada,NYG,K34,8,340,371,355.50,15.50,
545,16,Jalen Milroe,SEA,QB60,11,356,359,357.50,1.50,
546,16,Riley Leonard,IND,QB61,13,353,368,360.50,7.50,
547,16,Sam Roush,CHI,TE83,10,373,390,379.33,7.59,
548,16,Robert Henry Jr.,WAS,RB154,7,330,395,362.50,32.50,
549,16,Brittain Brown,CHI,RB155,10,358,370,364.00,6.00,
550,16,Haynes King,CAR,QB62,5,348,386,367.00,19.00,
551,16,Bo Melton,GB,WR185,11,351,385,368.00,17.00,
552,16,Elijah Mitchell,FA,RB156,,329,456,392.50,63.50,
553,16,Jelani Woods,NYJ,TE84,13,371,375,373.00,2.00,
554,16,Dean Connors,LAR,RB157,11,354,394,374.00,20.00,
555,16,Ben Skowronek,PIT,WR186,9,374,376,375.00,1.00,
556,16,Johnny Mundt,PHI,TE85,10,382,382,382.00,0.00,
557,16,Jeremy Ruckert,NYJ,TE86,13,381,390,385.50,4.50,
558,16,Travis Homer,PIT,RB158,9,383,389,386.00,3.00,
559,16,Dillon Gabriel,CLE,QB63,11,388,388,388.00,0.00,
